label,timestamp,duration,pkg,dram,socket
delta,1722419903.3939238,39074.402,5502611.0,865521.0,0
delta,1722419903.7048547,42097.513,5204332.0,923768.0,0
delta,1722419904.0318475,42389.436,5509324.0,929276.0,0
delta,1722419904.353088,40844.438,5340928.0,896412.0,0
delta,1722419904.672286,41399.366,5302843.0,896473.0,0
delta,1722419904.9951642,40247.153,5271593.0,883545.0,0
delta,1722419905.3156886,40286.33,5288195.0,878296.0,0
delta,1722419905.6371922,41214.32,5475572.0,899716.0,0
delta,1722419905.9566438,39576.262,5330064.0,876460.0,0
delta,1722419906.2316117,38628.018,5326403.0,865781.0,0
delta,1722419906.5066824,42080.549,5381090.0,955531.0,0
delta,1722419906.781901,34726.879,4844470.0,802883.0,0
delta,1722419907.0517938,39832.734,5481126.0,896932.0,0
delta,1722419907.327751,39478.744,5390000.0,862645.0,0
delta,1722419907.603958,37204.905,5128344.0,824426.0,0
delta,1722419907.8805294,37152.009,5070300.0,828602.0,0
delta,1722419908.1545734,39155.078,5267504.0,860350.0,0
delta,1722419908.4297655,38320.512,5365587.0,866791.0,0
delta,1722419908.7047968,37340.242,5176256.0,830652.0,0
delta,1722419908.9779313,36984.024,5093066.0,833223.0,0
delta,1722419909.2508962,37601.434,5134142.0,826628.0,0
delta,1722419909.5253236,36850.999,5217638.0,827669.0,0
delta,1722419909.799509,37164.265,5246385.0,836069.0,0
delta,1722419910.077999,38405.064,5263170.0,846060.0,0
delta,1722419910.3529198,37095.503,5156481.0,825741.0,0
delta,1722419910.628962,38227.63,5275499.0,847911.0,0
delta,1722419910.9026885,36319.83,5045459.0,806188.0,0
delta,1722419911.1781301,37574.082,5272081.0,840322.0,0
delta,1722419911.4577122,36987.463,5093920.0,810732.0,0
delta,1722419911.739909,40553.588,5322862.0,900206.0,0
delta,1722419912.0210092,45831.884,6077560.0,976890.0,0
delta,1722419912.304157,36829.851,5043932.0,826644.0,0
delta,1722419912.5817924,39677.542,5342516.0,878633.0,0
delta,1722419912.901305,43335.202,4530811.0,930867.0,0
delta,1722419913.2292752,42055.573,4505420.0,908866.0,0
delta,1722419913.549873,44005.402,4541187.0,950314.0,0
delta,1722419913.8773906,48416.303,4804309.0,1030547.0,0
delta,1722419914.2034636,38831.871,5259996.0,865643.0,0
delta,1722419914.5128236,39096.15,5375535.0,870080.0,0
delta,1722419914.8261633,36498.408,5061877.0,831203.0,0
delta,1722419915.1491961,38804.949,5254931.0,863776.0,0
delta,1722419915.4622946,36337.26,5198046.0,834339.0,0
delta,1722419915.7662756,38379.21,5402574.0,860793.0,0
delta,1722419916.0748887,36467.246,4992602.0,819315.0,0
delta,1722419916.4008286,38012.805,5066576.0,852454.0,0
delta,1722419916.7082713,35923.988,4890735.0,814220.0,0
delta,1722419917.0433047,42574.418,5755661.0,947131.0,0
delta,1722419917.3584895,39790.119,5475694.0,885488.0,0
delta,1722419917.6662714,37623.218,5119860.0,833972.0,0
delta,1722419917.9730823,37242.008,5144641.0,833559.0,0
delta,1722419918.281379,38536.864,5345506.0,876828.0,0
delta,1722419918.5570421,37860.646,5328355.0,850650.0,0
delta,1722419918.8265028,35925.39,5044054.0,823431.0,0
delta,1722419919.1003969,36784.241,5221605.0,836466.0,0
delta,1722419919.366204,35377.413,4978259.0,803082.0,0
delta,1722419919.6319003,34646.859,4805468.0,778311.0,0
delta,1722419919.8963485,36913.772,5193957.0,829138.0,0
delta,1722419920.1651688,34747.567,5039599.0,796273.0,0
delta,1722419920.4324071,37798.37,5424242.0,846197.0,0
delta,1722419920.700164,35305.32,5004077.0,805163.0,0
delta,1722419920.9655347,39295.511,5677109.0,885151.0,0
delta,1722419921.2521734,36574.918,5170275.0,824839.0,0
delta,1722419921.5223641,37818.142,4862353.0,876368.0,0
delta,1722419921.7945602,37059.294,5190844.0,853663.0,0
delta,1722419922.0655656,36340.217,4990466.0,826307.0,0
delta,1722419922.3343117,35426.932,5222582.0,897039.0,0
delta,1722419922.6097753,36788.335,5031421.0,819529.0,0
delta,1722419922.8847682,36882.924,5104785.0,841026.0,0
delta,1722419923.1540504,34831.123,4873156.0,788195.0,0
delta,1722419923.4225755,35923.565,5165759.0,826735.0,0
delta,1722419923.690386,37265.249,5231921.0,842296.0,0
delta,1722419923.9589713,38791.604,5217150.0,849639.0,0
delta,1722419924.2391434,38595.985,5293383.0,863853.0,0
delta,1722419924.5282748,50830.547,6510848.0,1054919.0,0
delta,1722419924.8384178,35075.818,5015307.0,814221.0,0
delta,1722419925.1068437,43110.798,5611070.0,923095.0,0
delta,1722419925.3873258,34652.503,4909350.0,797130.0,0
delta,1722419925.6721478,30791.859,4412220.0,729122.0,0
delta,1722419925.9375713,34925.796,5076708.0,807534.0,0
delta,1722419926.2023096,39215.671,5478014.0,854979.0,0
delta,1722419926.4733603,36168.398,5323656.0,833788.0,0
delta,1722419926.7394772,34737.835,4905810.0,790015.0,0
delta,1722419927.004536,37569.387,5126269.0,835839.0,0
delta,1722419927.3320684,38904.304,5505906.0,874441.0,0
delta,1722419927.620785,40042.896,5432176.0,889618.0,0
delta,1722419927.8927493,35167.66,5213915.0,861130.0,0
delta,1722419928.1605444,36405.362,5042528.0,815444.0,0
delta,1722419928.4267848,34064.995,4905444.0,787016.0,0
delta,1722419928.6984408,35197.975,5102038.0,823813.0,0
delta,1722419928.966189,34923.494,4939440.0,800772.0,0
delta,1722419929.23049,33914.565,4920642.0,782044.0,0
delta,1722419929.517335,42494.21,5908066.0,913701.0,0
delta,1722419929.7984788,36348.715,5168932.0,823553.0,0
delta,1722419930.070021,35385.925,5092028.0,804841.0,0
delta,1722419930.336075,35117.048,5047717.0,804321.0,0
delta,1722419930.6108015,39040.502,5441880.0,862858.0,0
delta,1722419930.9391987,41322.02,4418385.0,910442.0,0
delta,1722419931.2707565,43343.25,4379810.0,929873.0,0
delta,1722419931.602768,41076.778,4732105.0,970509.0,0
delta,1722419931.9260218,43009.635,4450062.0,938303.0,0
delta,1722419932.2542722,41985.678,4420948.0,915246.0,0
delta,1722419932.5845735,43590.181,4403614.0,941424.0,0
delta,1722419932.9345248,39007.344,4352467.0,863945.0,0
delta,1722419933.2559612,36553.852,4984362.0,838700.0,0
delta,1722419933.561925,36043.035,4927599.0,831540.0,0
delta,1722419933.8658762,37185.878,4971728.0,836879.0,0
delta,1722419934.1743064,36152.522,4946703.0,834859.0,0
delta,1722419934.4793434,39138.512,5252061.0,887293.0,0
delta,1722419934.794061,36101.578,4896411.0,840735.0,0
delta,1722419935.0695493,39124.216,5195238.0,875481.0,0
delta,1722419935.34723,33061.006,4560108.0,769161.0,0
delta,1722419935.6204746,37576.258,4972704.0,829290.0,0
delta,1722419935.89762,38155.673,5142076.0,841622.0,0
delta,1722419936.177754,37431.068,5098925.0,848615.0,0
delta,1722419936.4590673,40638.38,5454881.0,916806.0,0
delta,1722419936.7383437,37111.668,5066333.0,835364.0,0
delta,1722419937.0142372,37421.155,5124193.0,836313.0,0
delta,1722419937.2918012,40589.162,5439256.0,879979.0,0
delta,1722419937.5718145,41339.956,5522447.0,894132.0,0
delta,1722419937.8578792,40026.006,5275438.0,887645.0,0
delta,1722419938.1364257,37654.385,5173265.0,836099.0,0
delta,1722419938.4117243,41240.394,5626207.0,902608.0,0
delta,1722419938.6921413,37119.49,5316331.0,848447.0,0
delta,1722419938.9697073,37791.909,5228868.0,854215.0,0
delta,1722419939.245472,37435.524,5154039.0,834646.0,0
delta,1722419939.5258193,37303.986,5221911.0,830897.0,0
delta,1722419939.8030636,37293.313,5327074.0,851858.0,0
delta,1722419940.0781066,38146.51,5263720.0,846840.0,0
delta,1722419940.3561435,38063.246,5234911.0,853098.0,0
delta,1722419940.6319816,37639.806,5292711.0,851399.0,0
delta,1722419940.9075983,37351.293,5173449.0,834370.0,0
delta,1722419941.1835406,37350.53,5204393.0,837583.0,0
delta,1722419941.4611464,38653.638,5385729.0,873738.0,0
delta,1722419941.738829,37231.83,5174242.0,835518.0,0
delta,1722419942.0261285,40857.245,5338915.0,910029.0,0
delta,1722419942.307138,40312.601,5377305.0,903465.0,0
delta,1722419942.5875087,39757.001,5196398.0,874655.0,0
delta,1722419942.8722863,37390.901,5110399.0,843168.0,0
delta,1722419943.1515977,37488.397,5022631.0,837690.0,0
delta,1722419943.42709,39456.705,5380358.0,876262.0,0
delta,1722419943.7080486,39684.778,5443590.0,878021.0,0
delta,1722419943.9852366,38694.926,5261095.0,847145.0,0
delta,1722419944.2630396,39460.5,5549363.0,884539.0,0
delta,1722419944.5415726,40962.7,5751572.0,896840.0,0
delta,1722419944.8237612,39027.568,5348863.0,863119.0,0
delta,1722419945.101323,37858.091,5222948.0,852256.0,0
delta,1722419945.3771603,37249.311,5303514.0,844759.0,0
delta,1722419945.651577,37563.642,5194445.0,840016.0,0
delta,1722419945.9279838,37112.754,5272447.0,842281.0,0
delta,1722419946.2040155,37875.929,5185107.0,841745.0,0
delta,1722419946.4789472,37489.941,5272631.0,847650.0,0
delta,1722419946.7565155,37614.369,5290880.0,843091.0,0
delta,1722419947.0528789,42840.129,5500780.0,943383.0,0
delta,1722419947.3363783,35673.533,4790698.0,800144.0,0
delta,1722419947.6132007,37258.919,5023852.0,834279.0,0
delta,1722419947.9052343,36497.844,5244982.0,858055.0,0
delta,1722419948.1809824,38502.766,5178332.0,865384.0,0
delta,1722419948.4518843,38573.227,5325731.0,861819.0,0
delta,1722419948.720683,35357.762,4890246.0,804306.0,0
delta,1722419948.9856918,36398.296,5091417.0,828403.0,0
delta,1722419949.252464,34645.616,4835864.0,771946.0,0
delta,1722419949.5240922,37693.557,5274096.0,849945.0,0
delta,1722419949.794183,37054.164,5102770.0,832305.0,0
delta,1722419950.0631638,37521.59,5206651.0,845127.0,0
delta,1722419950.3330142,36276.188,5103808.0,822436.0,0
delta,1722419950.5989957,35691.914,5033373.0,821472.0,0
delta,1722419950.867764,34494.931,5005847.0,796212.0,0
delta,1722419951.1380954,35373.889,4927233.0,810502.0,0
delta,1722419951.412844,37352.717,5071886.0,831555.0,0
delta,1722419951.6845803,36164.908,5082384.0,815964.0,0
delta,1722419951.9608753,35751.154,5184313.0,843245.0,0
delta,1722419952.241249,37664.211,5141222.0,847482.0,0
delta,1722419952.509405,36908.313,5130725.0,824027.0,0
delta,1722419952.7779243,36405.451,5163378.0,824732.0,0
delta,1722419953.0427835,34120.272,4838671.0,788087.0,0
delta,1722419953.3059118,35788.126,5113573.0,821580.0,0
delta,1722419953.571083,37518.617,5291063.0,841377.0,0
delta,1722419953.837641,34553.603,5012683.0,796656.0,0
delta,1722419954.1018662,35831.949,5045764.0,824042.0,0
delta,1722419954.3665848,34445.167,4849719.0,785838.0,0
delta,1722419954.63344,36346.462,5043261.0,816424.0,0
delta,1722419954.899003,35074.794,5036364.0,797161.0,0
delta,1722419955.1763225,37567.093,5228197.0,844621.0,0
delta,1722419955.4463696,38939.028,5561143.0,856096.0,0
delta,1722419955.7191663,38716.203,5455003.0,844667.0,0
delta,1722419956.0384436,38677.936,5331774.0,861452.0,0
delta,1722419956.351146,38486.904,5144213.0,844376.0,0
delta,1722419956.7175672,46576.59,6374190.0,1037830.0,0
delta,1722419957.0515013,39794.95,5407335.0,873599.0,0
delta,1722419957.3744612,38827.275,5351488.0,856922.0,0
delta,1722419957.6949103,38667.902,5359789.0,862353.0,0
delta,1722419958.0136817,40119.497,5463670.0,876537.0,0
delta,1722419958.3484488,41742.925,5582322.0,918535.0,0
delta,1722419958.6749737,43501.063,5790757.0,924472.0,0
delta,1722419958.9979417,40723.047,5548570.0,897115.0,0
delta,1722419959.3175027,40503.146,5505784.0,875022.0,0
delta,1722419959.6376708,39998.48,5486741.0,869989.0,0
delta,1722419959.9632683,40266.233,5532762.0,872437.0,0
delta,1722419960.2746174,36553.534,5204698.0,820065.0,0
delta,1722419960.5538545,40880.454,5692002.0,891149.0,0
delta,1722419960.8336253,40616.529,5652756.0,903694.0,0
delta,1722419961.1158938,40183.305,5507432.0,906127.0,0
delta,1722419961.398835,37886.031,5284593.0,846901.0,0
delta,1722419961.674328,37199.601,5220018.0,830331.0,0
delta,1722419961.9529188,39533.92,5372667.0,864389.0,0
delta,1722419962.2380745,40901.075,5659104.0,886298.0,0
delta,1722419962.5178373,37048.191,5160021.0,825435.0,0
delta,1722419962.8363142,41923.515,5615037.0,915230.0,0
delta,1722419963.160612,40043.14,5341722.0,877868.0,0
delta,1722419963.482684,41835.767,5645371.0,912782.0,0
delta,1722419963.8050437,40590.906,5539719.0,889802.0,0
delta,1722419964.165049,42810.169,5445787.0,916424.0,0
delta,1722419964.49111,43158.531,5607834.0,924961.0,0
delta,1722419964.8207116,41717.592,5957199.0,995418.0,0
delta,1722419965.143581,41026.816,5481248.0,906678.0,0
delta,1722419965.4679074,42123.402,5705795.0,929980.0,0
delta,1722419965.7887545,40779.267,5488389.0,894897.0,0
delta,1722419966.1113667,40249.446,5353258.0,885687.0,0
delta,1722419966.4341156,39937.122,5382433.0,884662.0,0
delta,1722419966.7544248,40207.554,5302721.0,881739.0,0
delta,1722419967.0702643,38605.442,5252611.0,866684.0,0
delta,1722419967.350122,36845.529,5079821.0,824578.0,0
delta,1722419967.6256826,37396.333,5183092.0,846962.0,0
delta,1722419967.9040325,39229.86,5311205.0,868367.0,0
delta,1722419968.1842606,37294.762,5120593.0,833284.0,0
delta,1722419968.4618893,38641.274,5276842.0,857014.0,0
delta,1722419968.740967,38806.223,5313158.0,848768.0,0
delta,1722419969.0206902,38859.542,5245898.0,849946.0,0
delta,1722419969.2987914,38020.34,5412767.0,856907.0,0
delta,1722419969.5813565,40474.493,5109301.0,887828.0,0
delta,1722419969.8615937,37353.823,4942187.0,840918.0,0
delta,1722419970.1367896,38095.77,5211351.0,857626.0,0
delta,1722419970.4200997,38331.487,5050158.0,850879.0,0
delta,1722419970.7015767,39697.516,5288378.0,887982.0,0
delta,1722419970.984233,40320.546,5314806.0,885793.0,0
delta,1722419971.2659268,37395.208,5098925.0,834156.0,0
delta,1722419971.5464537,37371.762,5129382.0,848553.0,0
delta,1722419971.827428,37448.685,5126573.0,846013.0,0
delta,1722419972.1055684,38285.871,5272691.0,862308.0,0
delta,1722419972.3858771,38648.776,5209704.0,860487.0,0
delta,1722419972.6692598,37728.372,5090075.0,840643.0,0
delta,1722419972.9480379,42139.255,5704697.0,907443.0,0
delta,1722419973.229812,43620.207,5528245.0,969209.0,0
delta,1722419973.5154166,38938.864,5374253.0,857366.0,0
delta,1722419973.7952988,38296.016,5109423.0,849640.0,0
delta,1722419974.0712361,36414.517,5094042.0,823079.0,0
delta,1722419974.3477583,38861.902,5279101.0,841668.0,0
delta,1722419974.630397,39170.074,5335069.0,865674.0,0
delta,1722419974.907233,37480.464,5208849.0,836726.0,0
delta,1722419975.1885295,37017.487,5161058.0,829306.0,0
delta,1722419975.4680634,42897.303,5870225.0,930041.0,0
delta,1722419975.7538478,40913.527,5323046.0,880423.0,0
delta,1722419976.0308654,36597.633,5001086.0,824563.0,0
delta,1722419976.3051422,35358.523,4892626.0,795278.0,0
delta,1722419976.5758243,38470.004,5163133.0,847222.0,0
delta,1722419976.8448272,38335.868,5298754.0,862844.0,0
delta,1722419977.117536,35966.642,4980395.0,816255.0,0
delta,1722419977.3831694,37221.897,5061633.0,827455.0,0
delta,1722419977.6509192,34335.307,4744068.0,780743.0,0
delta,1722419977.915019,35346.987,4834277.0,786680.0,0
delta,1722419978.181052,35155.91,4845325.0,793474.0,0
delta,1722419978.445941,36327.412,4897754.0,813180.0,0
delta,1722419978.7187366,36993.17,5062854.0,835426.0,0
delta,1722419978.987466,36301.435,4992602.0,829964.0,0
delta,1722419979.2556102,34975.635,4865711.0,778770.0,0
delta,1722419979.5451791,42268.96,5620591.0,909065.0,0
delta,1722419979.827275,37793.055,5068530.0,844698.0,0
delta,1722419980.1059449,39307.83,5312548.0,857136.0,0
delta,1722419980.385313,39058.409,5327196.0,864818.0,0
delta,1722419980.6624362,37259.76,5178393.0,848446.0,0
delta,1722419980.9367373,47607.349,6182601.0,979935.0,0
delta,1722419981.2237625,42858.497,5853074.0,940720.0,0
delta,1722419981.5099518,44478.737,5812058.0,942526.0,0
delta,1722419981.7949402,37637.004,5173815.0,841546.0,0
delta,1722419982.0813706,37331.793,5124925.0,830989.0,0
delta,1722419982.3572571,39229.734,5427232.0,857106.0,0
delta,1722419982.6360319,39097.734,5473863.0,866882.0,0
delta,1722419982.9127357,38282.904,5361924.0,843994.0,0
delta,1722419983.1901927,38696.147,5403733.0,858590.0,0
delta,1722419983.4676049,39162.625,5059253.0,880163.0,0
delta,1722419983.748607,39251.966,5273363.0,883652.0,0
delta,1722419984.0254612,39012.849,5302477.0,856448.0,0
delta,1722419984.3047523,42274.465,5685350.0,937997.0,0
delta,1722419984.584628,37672.209,5100268.0,846350.0,0
delta,1722419984.861041,40236.361,5444810.0,879887.0,0
delta,1722419985.1402986,38983.383,5440172.0,869362.0,0
delta,1722419985.4204001,39495.689,5511338.0,882305.0,0
delta,1722419985.697331,41036.919,5706223.0,895998.0,0
delta,1722419985.9827573,36718.671,5121264.0,830087.0,0
delta,1722419986.2567155,37526.089,5221178.0,827822.0,0
delta,1722419986.534683,37665.53,5177721.0,832749.0,0
delta,1722419986.811026,37996.909,5337206.0,845463.0,0
delta,1722419987.096336,42947.574,5458299.0,929964.0,0
delta,1722419987.381505,38328.358,5104662.0,847727.0,0
delta,1722419987.6578343,37186.703,4989733.0,828235.0,0
delta,1722419987.9368367,40360.721,5256151.0,874089.0,0
delta,1722419988.219286,37656.822,5085009.0,846411.0,0
delta,1722419988.4945767,36964.164,4818775.0,825205.0,0
delta,1722419988.7736638,37667.428,4920031.0,829841.0,0
delta,1722419989.0498056,40839.321,5289964.0,901277.0,0
delta,1722419989.3321905,39003.619,5175035.0,857749.0,0
delta,1722419989.6155984,39619.533,5159655.0,868076.0,0
delta,1722419989.8941336,38179.284,5128160.0,854260.0,0
delta,1722419990.1786258,37566.152,4997423.0,835396.0,0
delta,1722419990.4585273,38801.781,5022509.0,846014.0,0
delta,1722419990.7387085,37737.4,5021472.0,858912.0,0
delta,1722419991.0146103,39463.115,5036914.0,870402.0,0
delta,1722419991.2909155,36795.043,4849963.0,808926.0,0
delta,1722419991.5671074,37962.074,5109972.0,842433.0,0
delta,1722419991.8431625,38302.783,5161058.0,849518.0,0
delta,1722419992.1214402,42803.535,5660630.0,909249.0,0
delta,1722419992.4075322,40173.541,5533127.0,897329.0,0
delta,1722419992.6860397,38310.258,5164233.0,844590.0,0
delta,1722419992.9630423,40273.253,5507249.0,890108.0,0
delta,1722419993.2393699,37514.92,5152148.0,848446.0,0
delta,1722419993.5150857,38386.284,5226183.0,855974.0,0
delta,1722419993.7902884,39419.109,5365709.0,875542.0,0
delta,1722419994.0666628,37520.512,5069140.0,821166.0,0
delta,1722419994.3408127,38822.119,5309862.0,857183.0,0
delta,1722419994.6188588,37593.367,5022448.0,823140.0,0
delta,1722419994.9050863,32823.636,4607410.0,760349.0,0
delta,1722419995.1767526,37338.939,5055957.0,820768.0,0
delta,1722419995.4501832,36862.8,5087023.0,824609.0,0
delta,1722419995.7245772,39378.881,5119311.0,876659.0,0
delta,1722419996.0083618,39474.859,5223253.0,874716.0,0
delta,1722419996.2869313,38681.419,5184374.0,841225.0,0
delta,1722419996.570381,39246.239,5436388.0,931938.0,0
delta,1722419996.8575037,38581.865,5066515.0,848798.0,0
delta,1722419997.1384919,40357.196,5306872.0,882779.0,0
delta,1722419997.4155123,39579.293,5297655.0,885303.0,0
delta,1722419997.6952345,38031.024,5153246.0,862522.0,0
delta,1722419997.9719338,37927.53,5191698.0,846611.0,0
delta,1722419998.2469652,36579.751,5074449.0,823875.0,0
delta,1722419998.5214984,39077.881,5314012.0,861359.0,0
delta,1722419998.800524,44332.813,5962020.0,945356.0,0
delta,1722419999.0836294,39920.418,5410143.0,886727.0,0
delta,1722419999.364619,39851.734,5348008.0,882121.0,0
delta,1722419999.642645,37677.306,5125170.0,836849.0,0
delta,1722419999.9187174,36818.178,5019823.0,824074.0,0
delta,1722420000.194815,34552.99,4906420.0,793121.0,0
delta,1722420000.5043218,39762.584,5428514.0,885151.0,0
delta,1722420000.8271344,40598.299,5462510.0,905378.0,0
delta,1722420001.150698,38572.179,5289415.0,857321.0,0
delta,1722420001.4697845,40417.486,5436082.0,885274.0,0
delta,1722420001.7933474,39710.187,5268786.0,865215.0,0
delta,1722420002.1259487,41415.181,5604356.0,908300.0,0
delta,1722420002.450695,38406.198,5196886.0,840566.0,0
delta,1722420002.7728631,41949.928,5416552.0,917648.0,0
delta,1722420003.0990217,45196.135,5929367.0,980103.0,0
delta,1722420003.4247127,41417.739,5616807.0,945800.0,0
delta,1722420003.7118447,37813.818,5088244.0,851888.0,0
delta,1722420003.9812758,35541.223,4827564.0,798109.0,0
delta,1722420004.247022,35334.324,4790393.0,792172.0,0
delta,1722420004.5312893,38494.501,5236864.0,870417.0,0
delta,1722420004.821061,37812.143,5149584.0,858254.0,0
delta,1722420005.0888138,35381.64,4788989.0,788241.0,0
delta,1722420005.3589275,35686.566,4893481.0,810043.0,0
delta,1722420005.6445441,40362.072,5452683.0,881479.0,0
delta,1722420005.9171624,36093.897,4991076.0,810839.0,0
delta,1722420006.1852684,36827.451,5055224.0,821442.0,0
delta,1722420006.4539018,35625.139,5096789.0,811986.0,0
delta,1722420006.719686,35499.697,4994922.0,804596.0,0
delta,1722420006.9868507,39713.585,5427110.0,882091.0,0
delta,1722420007.2610393,35884.629,5034777.0,803587.0,0
delta,1722420007.54169,35789.844,5074511.0,816591.0,0
delta,1722420007.8142707,34617.671,4947070.0,795462.0,0
delta,1722420008.0821717,38108.845,5237901.0,825711.0,0
delta,1722420008.3693597,36134.034,5132189.0,812904.0,0
delta,1722420008.6374729,35222.67,4980822.0,796074.0,0
delta,1722420008.9105563,37977.381,4956286.0,834997.0,0
delta,1722420009.1844077,36916.673,5000415.0,830606.0,0
delta,1722420009.4556127,35328.635,4925097.0,805728.0,0
delta,1722420009.769195,35535.278,4930957.0,823920.0,0
delta,1722420010.0348864,35320.904,4871508.0,803816.0,0
delta,1722420010.3015466,35937.33,4911609.0,810166.0,0
delta,1722420010.569846,37286.919,5243212.0,843107.0,0
delta,1722420010.8408892,36722.183,5044237.0,837079.0,0
delta,1722420011.1301997,36335.942,5072802.0,835120.0,0
delta,1722420011.3998225,34844.764,4941699.0,800389.0,0
delta,1722420011.6653886,34790.576,4814319.0,783008.0,0
delta,1722420011.9296317,32862.596,4626880.0,758283.0,0
delta,1722420012.1967597,35566.687,4940539.0,809553.0,0
delta,1722420012.4646332,34960.8,4893848.0,791117.0,0
delta,1722420012.7456884,40394.491,5433762.0,881066.0,0
delta,1722420013.0370977,34835.806,4904040.0,787797.0,0
delta,1722420013.3173358,40669.198,5516343.0,871412.0,0
delta,1722420013.588122,36050.588,5110033.0,808574.0,0
delta,1722420013.889514,38376.054,5346727.0,848844.0,0
delta,1722420014.163665,35386.438,4957262.0,791500.0,0
delta,1722420014.4461584,36518.942,5056384.0,822605.0,0
delta,1722420014.719033,35843.288,5075304.0,819162.0,0
delta,1722420015.0059721,43434.083,6022995.0,994377.0,0
delta,1722420015.311715,37331.995,5175463.0,850466.0,0
delta,1722420015.5810516,36831.889,5176256.0,829398.0,0
delta,1722420015.850915,34515.072,4922351.0,790582.0,0
delta,1722420016.1200993,36021.852,5030017.0,817663.0,0
delta,1722420016.4252663,37456.752,5056689.0,842999.0,0
delta,1722420016.7004657,36222.286,4908130.0,826383.0,0
delta,1722420016.9662194,38159.753,5236132.0,849181.0,0
delta,1722420017.2385433,35686.472,4999072.0,819100.0,0
delta,1722420017.5045872,35467.057,5029162.0,814082.0,0
delta,1722420017.8046045,35469.872,4903918.0,811542.0,0
delta,1722420018.0902672,36812.738,5017809.0,833988.0,0
delta,1722420018.3638794,37313.728,5167284.0,840949.0,0
delta,1722420018.6328144,38139.567,5324632.0,854306.0,0
delta,1722420018.91876,37046.755,5105211.0,832076.0,0
delta,1722420019.1915758,35227.157,4847582.0,807504.0,0
delta,1722420019.4625876,40760.067,5440721.0,889252.0,0
delta,1722420019.7582014,36898.269,5049975.0,825878.0,0
delta,1722420020.029049,37582.323,5178332.0,856647.0,0
delta,1722420020.3012066,41481.361,5548509.0,900757.0,0
delta,1722420020.5733516,36876.782,4936877.0,819071.0,0
delta,1722420020.844054,39293.743,5368273.0,883024.0,0
delta,1722420021.1173403,43494.948,5633897.0,948141.0,0
delta,1722420021.4184134,35288.879,4801074.0,802439.0,0
delta,1722420021.6847367,36040.822,4885058.0,819284.0,0
delta,1722420021.9508872,34693.281,4741198.0,795278.0,0
delta,1722420022.2212002,38665.652,5139758.0,851093.0,0
delta,1722420022.49773,38491.081,5160814.0,847742.0,0
delta,1722420022.777824,37707.031,5154405.0,858024.0,0
delta,1722420023.0604322,39546.31,5416856.0,880102.0,0
delta,1722420023.3416362,38824.086,5460618.0,868275.0,0
delta,1722420023.6218894,38964.052,5419664.0,858835.0,0
delta,1722420023.9006588,37751.58,5241015.0,841393.0,0
delta,1722420024.185124,43703.814,5656540.0,940934.0,0
delta,1722420024.4703176,41150.906,5490464.0,904689.0,0
delta,1722420024.7527556,38416.876,5215563.0,866439.0,0
delta,1722420025.0306163,37044.931,5028795.0,831066.0,0
delta,1722420025.3094835,38860.798,5237902.0,859753.0,0
delta,1722420025.5886986,39118.799,5260363.0,863838.0,0
delta,1722420025.8700821,36290.158,5030078.0,828740.0,0
delta,1722420026.143349,36244.15,4924670.0,817310.0,0
delta,1722420026.4186795,36958.218,5061633.0,825833.0,0
delta,1722420026.6941366,36570.644,5074572.0,815674.0,0
delta,1722420026.965924,37450.296,5196825.0,850634.0,0
delta,1722420027.2398517,36734.901,5004626.0,817525.0,0
delta,1722420027.5174887,35782.931,4939867.0,812538.0,0
delta,1722420027.7891195,38202.828,5320177.0,870768.0,0
delta,1722420028.1042888,41513.984,5824997.0,983101.0,0
delta,1722420028.409101,38742.838,5366807.0,859523.0,0
delta,1722420028.6852822,37064.365,5162585.0,817540.0,0
delta,1722420028.9561932,35015.549,5010974.0,800496.0,0
delta,1722420029.2220497,43499.499,5951157.0,944546.0,0
delta,1722420029.5146604,38472.377,5299608.0,867755.0,0
delta,1722420029.808402,40469.525,5574998.0,899074.0,0
delta,1722420030.099403,42174.049,5701523.0,907611.0,0
delta,1722420030.381538,35005.306,4847888.0,797345.0,0
delta,1722420030.6462662,37293.518,5206041.0,833208.0,0
delta,1722420030.9490712,38144.654,5271532.0,842495.0,0
delta,1722420031.2236705,37157.302,5310045.0,832182.0,0
delta,1722420031.5046973,36516.265,5285448.0,832519.0,0
delta,1722420031.772096,37205.985,5272630.0,832290.0,0
delta,1722420032.043439,37957.718,5327623.0,855163.0,0
delta,1722420032.3172772,36105.37,5166368.0,812843.0,0
delta,1722420032.5866075,34446.898,4986010.0,795845.0,0
delta,1722420032.8544123,37104.167,5215684.0,833376.0,0
delta,1722420033.1404257,35626.779,5172167.0,806065.0,0
delta,1722420033.4172025,36978.922,5285570.0,825787.0,0
delta,1722420033.688654,37010.589,5292833.0,825894.0,0
delta,1722420033.9594061,43305.939,5894699.0,917144.0,0
delta,1722420034.2475026,50738.394,6305404.0,1054078.0,0
delta,1722420034.5552914,37236.274,5161974.0,838914.0,0
delta,1722420034.8253078,37478.524,5199389.0,842296.0,0
delta,1722420035.1179056,36065.71,4839282.0,805942.0,0
delta,1722420035.3902073,34747.986,4909778.0,794437.0,0
delta,1722420035.6562903,36948.937,5045703.0,827225.0,0
delta,1722420035.946824,34968.986,5000109.0,808191.0,0
delta,1722420036.2334852,35283.829,4903002.0,796778.0,0
delta,1722420036.4990911,35068.59,4862719.0,796258.0,0
delta,1722420036.7680886,40887.683,5421434.0,885839.0,0
delta,1722420037.0644186,37295.871,5124132.0,832702.0,0
delta,1722420037.3345256,36165.841,5011645.0,815980.0,0
delta,1722420037.6050758,37957.485,5246080.0,843826.0,0
delta,1722420037.8755817,40461.733,5586106.0,901415.0,0
delta,1722420038.1466107,36678.358,5188342.0,841332.0,0
delta,1722420038.4339302,41585.563,5545213.0,911482.0,0
delta,1722420038.7064269,37344.764,5133288.0,843443.0,0
delta,1722420038.9806426,42884.904,5815598.0,942755.0,0
delta,1722420039.2631383,35061.04,4897753.0,802699.0,0
delta,1722420039.530894,34838.652,4912952.0,803724.0,0
delta,1722420039.8030753,40070.388,5394152.0,884539.0,0
delta,1722420040.0741255,34625.299,4871874.0,793428.0,0
delta,1722420040.3391728,37808.96,5133227.0,860962.0,0
delta,1722420040.6069055,43408.451,5776718.0,945387.0,0
delta,1722420040.898206,36029.163,4997851.0,816393.0,0
delta,1722420041.1664388,34667.573,4827747.0,799134.0,0
delta,1722420041.481168,36101.217,4926257.0,818351.0,0
delta,1722420041.7897327,49198.989,6342330.0,1025406.0,0
delta,1722420042.121401,41352.038,5512743.0,910947.0,0
delta,1722420042.4475741,45974.479,6179061.0,970234.0,0
delta,1722420042.7750769,42688.751,5647508.0,933193.0,0
delta,1722420043.0966935,40849.629,5586534.0,884447.0,0
delta,1722420043.3842413,38124.536,5384752.0,850940.0,0
delta,1722420043.6609776,38868.3,5410997.0,845248.0,0
delta,1722420043.9383104,36815.772,5241869.0,832841.0,0
delta,1722420044.213479,37404.917,5311815.0,846488.0,0
delta,1722420044.4899082,37289.002,5260851.0,826032.0,0
delta,1722420044.7642176,37737.597,5339525.0,840552.0,0
delta,1722420045.0408177,38401.868,5459947.0,843749.0,0
delta,1722420045.3170872,39342.262,5530198.0,864986.0,0
delta,1722420045.594159,36772.355,5177538.0,836221.0,0
delta,1722420045.8671873,39686.65,5602585.0,889588.0,0
delta,1722420046.1540926,37189.383,5254442.0,826491.0,0
delta,1722420046.4461575,34741.781,5050707.0,795998.0,0
delta,1722420046.7272182,44637.905,6002488.0,964497.0,0
delta,1722420047.0430465,40150.551,5364915.0,886896.0,0
delta,1722420047.3637507,39224.737,5427171.0,877302.0,0
delta,1722420047.6841555,39333.971,5437913.0,868030.0,0
delta,1722420048.0056486,35779.836,5061755.0,822528.0,0
delta,1722420048.272184,37227.34,5211779.0,828954.0,0
delta,1722420048.5521393,42627.138,5915329.0,927899.0,0
delta,1722420048.8259284,37515.874,5088244.0,829398.0,0
delta,1722420049.124206,34970.105,4976244.0,802577.0,0
delta,1722420049.401356,40979.976,5618516.0,895876.0,0
delta,1722420049.67702,35255.716,4962878.0,795417.0,0
delta,1722420049.94552,35860.39,5091295.0,819759.0,0
delta,1722420050.211114,34918.459,4941211.0,797864.0,0
delta,1722420050.4789948,38436.856,5215502.0,871136.0,0
delta,1722420050.7764585,36633.669,5148058.0,835059.0,0
delta,1722420051.0472991,36866.776,5135485.0,840597.0,0
delta,1722420051.3173547,34922.699,4973071.0,799058.0,0
delta,1722420051.5856116,36758.414,5129809.0,830989.0,0
delta,1722420051.8601341,36445.639,5096118.0,811894.0,0
delta,1722420052.1447775,36561.798,5078051.0,823354.0,0
delta,1722420052.4119236,47759.102,6105392.0,992695.0,0
delta,1722420052.6935081,36881.534,5082262.0,834217.0,0
delta,1722420052.9612415,36984.597,5192186.0,839557.0,0
delta,1722420053.2322743,34744.536,4959521.0,801643.0,0
delta,1722420053.5003486,33847.95,4847766.0,778754.0,0
delta,1722420053.7825642,38591.603,5395677.0,865108.0,0
delta,1722420054.0540624,34724.548,4919543.0,789725.0,0
delta,1722420054.3189595,34128.378,4819507.0,784248.0,0
delta,1722420054.5845904,35072.838,4975390.0,800144.0,0
delta,1722420054.8527203,38922.164,5311937.0,866699.0,0
delta,1722420055.12565,36154.139,5060656.0,816316.0,0
delta,1722420055.3917854,34694.669,4812122.0,778418.0,0
delta,1722420055.673995,36336.877,5044604.0,804275.0,0
delta,1722420055.93994,34878.433,4936633.0,794865.0,0
delta,1722420056.2065094,38929.345,5316026.0,847039.0,0
delta,1722420056.4823372,38711.783,5381517.0,864450.0,0
delta,1722420056.7548792,38460.959,5307909.0,845493.0,0
delta,1722420057.0553107,35036.399,4941699.0,796472.0,0
delta,1722420057.322648,34902.674,4794665.0,777714.0,0
delta,1722420057.5893297,38748.511,5431016.0,865475.0,0
delta,1722420057.874174,36135.838,4984850.0,817922.0,0
delta,1722420058.141398,34975.847,4904101.0,796625.0,0
delta,1722420058.4124353,35560.653,4993883.0,808192.0,0
delta,1722420058.6815512,35817.92,5060473.0,831340.0,0
delta,1722420058.9521837,36926.259,5100146.0,842265.0,0
delta,1722420059.2199817,41285.094,5644395.0,888363.0,0
delta,1722420059.4923282,37039.762,5209459.0,831203.0,0
delta,1722420059.76024,36376.955,5051928.0,806172.0,0
delta,1722420060.0280058,35440.166,5038378.0,815658.0,0
delta,1722420060.294348,34258.583,4937915.0,793275.0,0
delta,1722420060.5625026,35427.781,5019152.0,814603.0,0
delta,1722420060.8423862,36771.126,5106127.0,838210.0,0
delta,1722420061.1227863,34150.526,4775622.0,778617.0,0
delta,1722420061.386553,34264.625,4809619.0,784125.0,0
delta,1722420061.6532526,34894.38,4937121.0,797007.0,0
delta,1722420061.919878,34778.199,4904894.0,795279.0,0
delta,1722420062.2080603,38381.781,5465379.0,874365.0,0
delta,1722420062.4878857,37541.809,5270922.0,840169.0,0
delta,1722420062.7640862,38286.199,5321947.0,863854.0,0
delta,1722420063.0406215,39443.611,5304186.0,878143.0,0
delta,1722420063.3197298,40069.671,5366930.0,883177.0,0
delta,1722420063.6035037,37581.008,5323839.0,851522.0,0
delta,1722420063.8820112,38061.346,5305467.0,848630.0,0
delta,1722420064.1607535,37587.087,5207507.0,838195.0,0
delta,1722420064.436907,39924.631,5475877.0,874273.0,0
delta,1722420064.7601748,50135.236,6537459.0,1048831.0,0
delta,1722420065.1053774,38935.397,5384935.0,858116.0,0
delta,1722420065.4189422,36614.506,5208727.0,834111.0,0
delta,1722420065.7306254,41930.409,5602830.0,905485.0,0
delta,1722420066.019101,36607.929,5116625.0,818458.0,0
delta,1722420066.2926269,39093.836,5399095.0,852149.0,0
delta,1722420066.5687008,40136.351,5545640.0,883376.0,0
delta,1722420066.8513224,39866.919,5417649.0,887935.0,0
delta,1722420067.1292784,37402.823,5302538.0,843795.0,0
delta,1722420067.4015923,37895.56,5172533.0,821395.0,0
delta,1722420067.6811182,40391.73,5587632.0,891301.0,0
delta,1722420067.9582326,40221.843,5673508.0,887277.0,0
delta,1722420068.241963,38464.002,5373339.0,836481.0,0
delta,1722420068.5164614,37246.007,5292040.0,838455.0,0
delta,1722420068.791155,40617.157,5637559.0,893810.0,0
delta,1722420069.0705097,38197.976,5438768.0,857351.0,0
delta,1722420069.3493512,38701.769,5412706.0,860518.0,0
delta,1722420069.6274276,36597.826,5074450.0,811527.0,0
delta,1722420069.9057436,38164.077,5280321.0,841148.0,0
delta,1722420070.1832829,38344.247,5378099.0,853434.0,0
delta,1722420070.4586816,38081.928,5212145.0,846473.0,0
delta,1722420070.7351534,41379.635,5662217.0,911054.0,0
delta,1722420071.0189629,41779.891,5611253.0,917602.0,0
delta,1722420071.298121,36984.749,5163500.0,832366.0,0
delta,1722420071.5769436,37818.078,5263109.0,845631.0,0
delta,1722420071.8525906,36154.526,5034655.0,811848.0,0
delta,1722420072.139518,34765.24,4830920.0,776184.0,0
delta,1722420072.4144912,38814.615,5504686.0,870616.0,0
delta,1722420072.696022,40318.855,5570970.0,894545.0,0
delta,1722420072.9752347,38859.503,5403185.0,860502.0,0
delta,1722420073.2515645,38651.46,5256944.0,850573.0,0
delta,1722420073.5329542,39023.028,5332261.0,855193.0,0
delta,1722420073.8115273,39903.4,5375048.0,865690.0,0
delta,1722420074.0887308,37364.115,5166491.0,821962.0,0
delta,1722420074.3632414,38630.17,5374925.0,853418.0,0
delta,1722420074.658701,40941.856,5564867.0,890965.0,0
delta,1722420074.9366508,40026.212,5398912.0,881433.0,0
delta,1722420075.2159245,37136.186,5070605.0,819024.0,0
delta,1722420075.4912398,34511.428,4903186.0,794896.0,0
delta,1722420075.7719347,35238.765,4882007.0,793488.0,0
delta,1722420076.047573,34710.826,4945361.0,795417.0,0
delta,1722420076.3286345,35275.106,4958361.0,795355.0,0
delta,1722420076.5965707,39164.802,5435716.0,870692.0,0
delta,1722420076.867245,40884.883,5623643.0,895463.0,0
delta,1722420077.1393385,35079.524,5049242.0,814449.0,0
delta,1722420077.4100165,35052.384,4893359.0,799945.0,0
delta,1722420077.6786547,34536.812,4860034.0,790337.0,0
delta,1722420077.9433408,36832.862,5217943.0,845937.0,0
delta,1722420078.21068,34918.856,4960802.0,802133.0,0
delta,1722420078.4964926,36482.257,5060656.0,814236.0,0
delta,1722420078.7636878,37102.269,5110583.0,845295.0,0
delta,1722420079.0322165,44919.185,5931991.0,968061.0,0
delta,1722420079.3131678,34761.013,4930957.0,789603.0,0
delta,1722420079.5978491,44095.005,5665574.0,933820.0,0
delta,1722420079.88062,34844.8,4996508.0,800037.0,0
delta,1722420080.148239,35450.172,5087145.0,816087.0,0
delta,1722420080.415141,30860.875,4434742.0,727086.0,0
delta,1722420080.676621,36424.257,5041430.0,817892.0,0
delta,1722420080.9426482,34497.419,4928271.0,793183.0,0
delta,1722420081.2076602,35902.327,5018786.0,830300.0,0
delta,1722420081.5074549,36329.792,5048876.0,811390.0,0
delta,1722420081.7777493,35942.974,5020495.0,823263.0,0
delta,1722420082.0621262,36643.598,5112536.0,829260.0,0
delta,1722420082.3319354,35320.347,4996142.0,817402.0,0
delta,1722420082.6026037,42085.768,5650742.0,911069.0,0
delta,1722420082.9270098,42287.317,5441087.0,953420.0,0
delta,1722420083.252327,39402.157,5216051.0,865873.0,0
delta,1722420083.5732079,39458.169,5283983.0,870968.0,0
delta,1722420083.8950548,43215.489,5509996.0,930515.0,0
delta,1722420084.2244854,47161.017,4756641.0,1028787.0,0
delta,1722420084.5665424,53121.952,4949084.0,1088182.0,0
delta,1722420084.9077935,43675.82,4324879.0,945204.0,0
delta,1722420085.238145,44801.33,4434559.0,955363.0,0
delta,1722420085.5701442,42373.05,4273732.0,922957.0,0
delta,1722420085.897406,42470.56,4300343.0,928847.0,0
delta,1722420086.2262762,42605.88,4270802.0,926384.0,0
delta,1722420086.553781,43572.323,4360828.0,949320.0,0
delta,1722420086.8745706,36284.086,4347828.0,822574.0,0
delta,1722420087.144146,36155.666,5134203.0,833789.0,0
delta,1722420087.4130843,36302.964,5070605.0,838440.0,0
delta,1722420087.6815166,34908.306,4775623.0,790566.0,0
delta,1722420087.9638035,40760.095,5512559.0,896565.0,0
delta,1722420088.252685,34146.351,4840564.0,786909.0,0
delta,1722420088.517305,34974.041,4875232.0,803066.0,0
delta,1722420088.7831473,36241.177,4978686.0,831922.0,0
delta,1722420089.0497274,32547.302,4702808.0,770768.0,0
delta,1722420089.313258,34523.618,4843311.0,788852.0,0
delta,1722420089.59578,40018.352,5249682.0,897498.0,0
delta,1722420089.8711998,36534.726,4918811.0,820034.0,0
delta,1722420090.1394327,38527.237,5286546.0,875818.0,0
delta,1722420090.4209888,37460.745,5176135.0,846090.0,0
delta,1722420090.6913328,34612.029,4706409.0,782595.0,0
delta,1722420090.9608903,40925.72,5425279.0,912981.0,0
delta,1722420091.2321749,36983.0,5145922.0,850863.0,0
delta,1722420091.5019283,36444.416,4889453.0,838118.0,0
delta,1722420091.7693672,33328.025,4629200.0,765031.0,0
delta,1722420092.0333676,33784.869,4759326.0,786267.0,0
delta,1722420092.3088782,35305.901,4950121.0,822405.0,0
delta,1722420092.5739498,34835.135,4901782.0,810288.0,0
delta,1722420092.8807235,36188.786,4928881.0,813546.0,0
delta,1722420093.1914797,39530.585,5152941.0,881403.0,0
delta,1722420093.500592,37128.803,5052600.0,835701.0,0
delta,1722420093.805443,36521.223,5278734.0,880714.0,0
delta,1722420094.1148596,35226.032,4974413.0,818106.0,0
delta,1722420094.4177785,36179.898,4957751.0,818443.0,0
delta,1722420094.724894,41985.836,5223010.0,948356.0,0
delta,1722420095.042989,42627.537,4328175.0,923844.0,0
delta,1722420095.3623424,42219.877,4202809.0,919026.0,0
delta,1722420095.689367,44526.447,4262563.0,951140.0,0
delta,1722420096.0130816,36030.082,4804736.0,803817.0,0
delta,1722420096.31696,36179.139,4874621.0,822482.0,0
delta,1722420096.624908,37560.779,5104235.0,849900.0,0
delta,1722420096.896063,37208.599,5115953.0,850863.0,0
delta,1722420097.1815882,37030.716,4938586.0,845876.0,0
delta,1722420097.4506454,34497.567,4866382.0,802362.0,0
delta,1722420097.715713,36065.175,4999194.0,819391.0,0
delta,1722420097.9853835,41375.126,5557176.0,895004.0,0
delta,1722420098.2583783,37471.927,5073900.0,832014.0,0
delta,1722420098.5287747,35191.544,4869495.0,797528.0,0
delta,1722420098.795743,39196.441,5230456.0,860029.0,0
delta,1722420099.06756,38470.38,5126269.0,871412.0,0
delta,1722420099.3528552,39378.307,5334825.0,884447.0,0
delta,1722420099.6339083,37172.615,5223192.0,845569.0,0
delta,1722420099.9101791,40999.228,5561570.0,896962.0,0
delta,1722420100.187544,35099.735,4834704.0,793106.0,0
delta,1722420100.4564898,36230.903,5132311.0,815949.0,0
delta,1722420100.724429,36620.413,5265368.0,834723.0,0
delta,1722420101.0400383,37523.058,5258592.0,835870.0,0
delta,1722420101.309836,35958.708,5146166.0,803204.0,0
delta,1722420101.5950525,38682.683,5184251.0,877302.0,0
delta,1722420101.8639765,37790.35,5160998.0,838042.0,0
delta,1722420102.1374538,43912.715,6081100.0,981189.0,0
delta,1722420102.4274817,41248.287,5552293.0,903022.0,0
delta,1722420102.7008224,36142.488,5151476.0,832962.0,0
delta,1722420102.9827006,34645.765,4873279.0,804963.0,0
delta,1722420103.25437,34456.684,4868579.0,775342.0,0
delta,1722420103.5260193,37073.801,5065905.0,837844.0,0
delta,1722420103.8288715,38280.836,5291918.0,867403.0,0
delta,1722420104.1178508,35418.778,4973804.0,802776.0,0
delta,1722420104.3900433,34675.034,4859607.0,779183.0,0
delta,1722420104.6770742,40719.951,5523728.0,887583.0,0
delta,1722420104.9644504,35695.804,4921435.0,800496.0,0
delta,1722420105.2619855,35356.328,4960620.0,797268.0,0
delta,1722420105.526964,35132.087,5071154.0,808437.0,0
delta,1722420105.8133705,42130.627,5519334.0,914940.0,0
delta,1722420106.0902114,36332.451,5031726.0,809094.0,0
delta,1722420106.376644,34877.229,4841907.0,789908.0,0
delta,1722420106.653805,50160.06,6278548.0,1077028.0,0
delta,1722420106.9668918,39498.364,5344896.0,873248.0,0
delta,1722420107.253726,42782.254,5813828.0,939772.0,0
delta,1722420107.5420818,38390.823,5316637.0,862752.0,0
delta,1722420107.8320887,40686.643,5574571.0,883575.0,0
delta,1722420108.1213222,34861.809,4961108.0,796442.0,0
delta,1722420108.4068995,41536.976,5587876.0,895539.0,0
delta,1722420108.701396,39143.649,5295824.0,864373.0,0
delta,1722420108.9711018,36534.842,4937182.0,818948.0,0
delta,1722420109.2384,35471.859,4943591.0,800022.0,0
delta,1722420109.5054588,35190.916,4831897.0,789923.0,0
delta,1722420109.7706015,34673.824,4767383.0,789250.0,0
delta,1722420110.0399504,35389.891,4833850.0,808406.0,0
delta,1722420110.311187,35133.041,4980456.0,795662.0,0
delta,1722420110.592449,40807.18,5645310.0,894438.0,0
delta,1722420110.8733687,42010.096,5660752.0,902088.0,0
delta,1722420111.1546059,34143.242,4884631.0,775755.0,0
delta,1722420111.4191167,35233.021,4887988.0,796916.0,0
delta,1722420111.6958418,37623.488,5330675.0,837813.0,0
delta,1722420111.9632764,38485.254,5188036.0,866806.0,0
delta,1722420112.2358024,43055.258,5668015.0,974702.0,0
delta,1722420112.514812,37609.926,5165331.0,847467.0,0
delta,1722420112.836509,44833.535,4372426.0,963533.0,0
delta,1722420113.1769729,37938.519,4415883.0,844942.0,0
delta,1722420113.4949882,43859.734,4527088.0,946550.0,0
delta,1722420113.8091464,38212.169,5123095.0,853251.0,0
delta,1722420114.1171052,32019.203,4492542.0,747114.0,0
delta,1722420114.4183512,37407.556,5110094.0,856724.0,0
delta,1722420114.7256126,37189.949,5133837.0,854474.0,0
delta,1722420115.044263,41560.953,5487657.0,907519.0,0
delta,1722420115.3547003,35767.662,4977710.0,820095.0,0
delta,1722420115.661721,36213.554,5124682.0,833406.0,0
delta,1722420115.9720294,37583.419,5289720.0,844331.0,0
delta,1722420116.2789323,43098.071,5826096.0,926476.0,0
delta,1722420116.5906801,36126.19,5148729.0,829704.0,0
delta,1722420116.8809848,36504.964,5111925.0,814816.0,0
delta,1722420117.1600935,39211.492,5399888.0,866209.0,0
delta,1722420117.4301555,35679.569,5050280.0,791683.0,0
delta,1722420117.6994662,36776.657,5189257.0,828572.0,0
delta,1722420118.0174332,37327.028,5304857.0,846029.0,0
delta,1722420118.2869582,38812.69,5397691.0,842342.0,0
delta,1722420118.5638857,37293.227,5196215.0,831846.0,0
delta,1722420118.8546565,39095.557,5495897.0,865964.0,0
delta,1722420119.1318138,35357.637,5084582.0,819315.0,0
delta,1722420119.4000628,37451.224,5339708.0,832687.0,0
delta,1722420119.6672459,35433.031,4986925.0,797941.0,0
delta,1722420119.9499128,36484.821,5200426.0,823859.0,0
delta,1722420120.2179477,36372.043,5192430.0,812690.0,0
delta,1722420120.4896095,39433.08,5505540.0,869912.0,0
delta,1722420120.765079,37121.062,5225084.0,832397.0,0
delta,1722420121.0374627,38858.911,5301623.0,876644.0,0
delta,1722420121.3258042,42977.144,5803574.0,908744.0,0
delta,1722420121.651761,41453.486,5578416.0,892479.0,0
delta,1722420121.9748862,39891.545,5440110.0,867969.0,0
delta,1722420122.2937224,44412.862,5973862.0,963809.0,0
delta,1722420122.6244466,41300.669,5682603.0,911972.0,0
delta,1722420122.94898,41216.253,5557847.0,896228.0,0
delta,1722420123.269263,40728.385,5577135.0,893688.0,0
delta,1722420123.5913506,41089.113,5612168.0,894255.0,0
delta,1722420123.9173236,40710.427,5616258.0,900436.0,0
delta,1722420124.239415,41578.085,5702866.0,906632.0,0
delta,1722420124.5662372,44660.364,6120773.0,951721.0,0
delta,1722420124.8922608,41579.479,5728806.0,906433.0,0
delta,1722420125.1887703,39574.329,5671067.0,883820.0,0
delta,1722420125.4712489,38800.5,5495896.0,863471.0,0
delta,1722420125.7551405,44204.709,5978805.0,947086.0,0
delta,1722420126.044446,41299.672,5740525.0,914833.0,0
delta,1722420126.355331,36386.334,5406236.0,916470.0,0
delta,1722420126.6461463,37251.337,5103381.0,839082.0,0
delta,1722420126.9164584,37987.028,5251634.0,853510.0,0
delta,1722420127.1853201,36208.316,5128832.0,836283.0,0
delta,1722420127.4539912,34716.039,4760669.0,785854.0,0
delta,1722420127.7227318,35021.99,4880481.0,798308.0,0
delta,1722420127.9870093,35289.064,4924121.0,801965.0,0
delta,1722420128.2704954,34053.521,4739795.0,773645.0,0
delta,1722420128.543453,38278.275,5018908.0,873370.0,0
delta,1722420128.812794,36815.871,4909961.0,833713.0,0
delta,1722420129.0793607,34813.163,4767444.0,794942.0,0
delta,1722420129.3458967,34809.203,4739978.0,797283.0,0
delta,1722420129.6105366,35549.748,4891223.0,825496.0,0
delta,1722420129.8773174,34767.433,4855334.0,810441.0,0
delta,1722420130.1416936,35837.194,4883715.0,818244.0,0
delta,1722420130.40741,45071.012,6067916.0,978175.0,0
delta,1722420130.698147,35507.107,4857471.0,802806.0,0
delta,1722420130.964272,36897.539,5097705.0,845677.0,0
delta,1722420131.2393942,36390.45,5161730.0,831983.0,0
delta,1722420131.5244863,38811.702,5459580.0,873722.0,0
delta,1722420131.7928922,34756.423,4869006.0,786083.0,0
delta,1722420132.0582144,34190.072,4925769.0,785058.0,0
delta,1722420132.3232903,39079.769,5465502.0,868581.0,0
delta,1722420132.593604,34642.672,4914905.0,791209.0,0
delta,1722420132.8579834,40676.637,5687363.0,897192.0,0
delta,1722420133.129229,34476.961,5008593.0,791867.0,0
delta,1722420133.3930073,37404.365,5255174.0,830958.0,0
delta,1722420133.6620157,34229.509,4959582.0,791821.0,0
delta,1722420133.9298832,36443.828,5157396.0,824088.0,0
delta,1722420134.1992211,31797.98,4665455.0,751092.0,0
delta,1722420134.4615424,34812.622,5092638.0,813531.0,0
delta,1722420134.749154,37950.382,4970263.0,862828.0,0
delta,1722420135.074354,47330.327,4543140.0,1003971.0,0
delta,1722420135.4142447,44729.359,4865039.0,1045602.0,0
delta,1722420135.7485242,43797.078,4475148.0,937156.0,0
delta,1722420136.0691,36941.846,5144274.0,833881.0,0
delta,1722420136.3737671,36730.989,5033862.0,825144.0,0
delta,1722420136.6793118,39279.753,5426378.0,874471.0,0
delta,1722420136.957484,37380.651,5238878.0,852638.0,0
delta,1722420137.2335153,32754.841,4584094.0,752484.0,0
delta,1722420137.503262,37244.939,5227769.0,844269.0,0
delta,1722420137.7782886,37669.345,5222825.0,846672.0,0
delta,1722420138.0555394,36122.223,5069567.0,827301.0,0
delta,1722420138.3307588,36168.38,5035143.0,818504.0,0
delta,1722420138.6045787,36650.825,5017626.0,813608.0,0
delta,1722420138.8791528,37930.958,5181505.0,846855.0,0
delta,1722420139.15387,37637.53,5245470.0,847987.0,0
delta,1722420139.4318626,37046.67,5173998.0,836207.0,0
delta,1722420139.7076097,36219.924,5095568.0,819131.0,0
delta,1722420139.9827003,37573.631,5171801.0,837108.0,0
delta,1722420140.258879,36688.129,5230333.0,816392.0,0
delta,1722420140.533074,36787.569,5184740.0,827470.0,0
delta,1722420140.8065143,36721.495,5025622.0,816301.0,0
delta,1722420141.0871975,43827.852,5722397.0,972100.0,0
delta,1722420141.3720376,39066.305,5372911.0,865735.0,0
delta,1722420141.648522,37432.646,5213915.0,838960.0,0
delta,1722420141.93224,38604.137,5738816.0,947086.0,0
delta,1722420142.22501,38390.277,5235765.0,848798.0,0
delta,1722420142.5006387,37482.256,5203967.0,840077.0,0
delta,1722420142.7775934,44672.689,5911911.0,954154.0,0
delta,1722420143.0615146,43172.13,5804062.0,936681.0,0
delta,1722420143.3421857,36910.34,5146898.0,827960.0,0
delta,1722420143.6226826,41589.891,5390123.0,910718.0,0
delta,1722420143.9015207,38956.371,5291917.0,869575.0,0
delta,1722420144.1881945,34553.862,4821033.0,805010.0,0
delta,1722420144.468501,40273.946,5605210.0,917510.0,0
delta,1722420144.7698245,36075.737,4937976.0,821212.0,0
delta,1722420145.039938,38733.322,5346361.0,873416.0,0
delta,1722420145.3094947,34970.028,5001391.0,812720.0,0
delta,1722420145.5965466,39186.515,5343492.0,872222.0,0
delta,1722420145.866976,35006.925,4951037.0,803510.0,0
delta,1722420146.1459694,35186.642,4900684.0,796380.0,0
delta,1722420146.4112337,35680.218,5048022.0,818458.0,0
delta,1722420146.676867,36602.262,5109423.0,830775.0,0
delta,1722420146.9453063,37689.767,5201097.0,857565.0,0
delta,1722420147.2143478,34159.693,4904773.0,781478.0,0
delta,1722420147.4843786,41071.08,5483933.0,920769.0,0
delta,1722420147.757928,35197.474,4943713.0,801062.0,0
delta,1722420148.0233228,34956.996,4897815.0,790948.0,0
delta,1722420148.2933881,35059.923,4966540.0,788700.0,0
delta,1722420148.5724277,36906.613,5123644.0,829107.0,0
delta,1722420148.8603697,38490.497,5328050.0,863654.0,0
delta,1722420149.1298478,35612.474,5030505.0,815399.0,0
delta,1722420149.3956094,35816.073,4889941.0,802990.0,0
delta,1722420149.6625736,34975.815,4933398.0,807718.0,0
delta,1722420149.9273973,35368.621,4876452.0,797788.0,0
delta,1722420150.1961894,35071.53,4983813.0,810839.0,0
delta,1722420150.4642818,32080.928,4586597.0,745355.0,0
delta,1722420150.748889,36318.661,5005969.0,813883.0,0
delta,1722420151.0283062,37813.403,5113940.0,838210.0,0
delta,1722420151.3420954,43311.978,5894944.0,933071.0,0
delta,1722420151.6534233,38041.596,5240954.0,840139.0,0
delta,1722420151.9471738,41561.525,5848129.0,904551.0,0
delta,1722420152.2222514,41147.245,5743211.0,895157.0,0
delta,1722420152.5062628,38265.438,5172350.0,861788.0,0
delta,1722420152.803436,37348.325,4929003.0,842847.0,0
delta,1722420153.0735993,35144.909,4811023.0,798171.0,0
delta,1722420153.3551052,39653.675,5561021.0,984525.0,0
delta,1722420153.6626556,37450.818,5010913.0,827608.0,0
delta,1722420153.9318461,37295.907,5043139.0,846564.0,0
delta,1722420154.2050362,34603.394,4793505.0,793458.0,0
delta,1722420154.5011969,35059.075,4885180.0,800083.0,0
delta,1722420154.78445,37085.085,5101183.0,839236.0,0
delta,1722420155.0707138,36144.166,4890246.0,817555.0,0
delta,1722420155.338716,34458.937,4801440.0,792876.0,0
delta,1722420155.6063695,34719.987,4848498.0,798125.0,0
delta,1722420155.8713748,47977.224,6045700.0,1017083.0,0
delta,1722420156.1566143,36323.121,4943102.0,821075.0,0
delta,1722420156.4247272,36199.786,4904528.0,818397.0,0
delta,1722420156.694533,36024.871,4905993.0,816301.0,0
delta,1722420156.9616776,38424.02,5140733.0,850175.0,0
delta,1722420157.2416077,35011.434,4803699.0,799853.0,0
delta,1722420157.518598,38608.813,5295518.0,860395.0,0
delta,1722420157.799499,40160.958,5389086.0,878847.0,0
delta,1722420158.078039,36946.496,5102282.0,831739.0,0
delta,1722420158.3525622,37090.094,5143114.0,838807.0,0
delta,1722420158.6269674,39967.573,5512193.0,887002.0,0
delta,1722420158.9045007,37607.43,5025561.0,847926.0,0
delta,1722420159.1867056,36590.714,4820972.0,825909.0,0
delta,1722420159.4607446,33317.255,4517567.0,766698.0,0
delta,1722420159.7741191,40612.65,5705552.0,989864.0,0
delta,1722420160.0588982,36610.581,5025927.0,836375.0,0
delta,1722420160.3350742,38539.392,5264024.0,862537.0,0
delta,1722420160.610131,39769.789,5345628.0,869698.0,0
delta,1722420160.8906093,37618.929,5078112.0,838807.0,0
delta,1722420161.1662087,37291.73,5151232.0,844636.0,0
delta,1722420161.441759,35216.488,4876696.0,809003.0,0
delta,1722420161.725149,39079.437,5346911.0,888532.0,0
delta,1722420161.9979506,35298.256,4925891.0,801108.0,0
delta,1722420162.287506,38261.585,4979663.0,866853.0,0
delta,1722420162.5745566,36793.832,5063220.0,843811.0,0
delta,1722420162.8431463,36302.683,4805408.0,814067.0,0
delta,1722420163.1309278,37302.167,5129442.0,866164.0,0
delta,1722420163.3995361,35610.718,4799487.0,806219.0,0
delta,1722420163.6656787,34865.415,4784716.0,812751.0,0
delta,1722420163.9332304,36750.965,4950122.0,832748.0,0
delta,1722420164.2018678,34974.976,4869677.0,808162.0,0
delta,1722420164.4663737,33995.857,4769580.0,790184.0,0
delta,1722420164.7305992,36552.414,5111071.0,840153.0,0
delta,1722420164.999237,35246.142,4897327.0,811129.0,0
delta,1722420165.2670186,35173.845,4847339.0,799380.0,0
delta,1722420165.532616,34909.706,4908679.0,811068.0,0
delta,1722420165.8167179,37148.946,4986254.0,845830.0,0
delta,1722420166.0848105,35242.957,4836108.0,806463.0,0
delta,1722420166.3520608,34702.866,4918994.0,806233.0,0
delta,1722420166.6172109,35048.906,4916736.0,810518.0,0
delta,1722420166.8946595,35724.715,5008593.0,820355.0,0
delta,1722420167.1855326,35268.641,4880359.0,811726.0,0
delta,1722420167.450589,34653.865,4859057.0,793550.0,0
delta,1722420167.7239177,35658.981,4993701.0,832259.0,0
delta,1722420167.991492,36003.878,5033800.0,826001.0,0
delta,1722420168.2633913,35030.864,4888964.0,800404.0,0
delta,1722420168.5330715,35547.48,5063219.0,828479.0,0
delta,1722420168.8019893,36206.614,5083483.0,843657.0,0
delta,1722420169.0683355,36415.976,5024890.0,825649.0,0
delta,1722420169.3351748,35869.063,5006396.0,822191.0,0
delta,1722420169.6011672,35591.787,5002123.0,820861.0,0
delta,1722420169.8760297,38986.157,5099291.0,880147.0,0
delta,1722420170.190433,40916.099,5428270.0,900696.0,0
delta,1722420170.5089698,39106.454,5225816.0,863838.0,0
delta,1722420170.8318403,41754.899,5406602.0,916057.0,0
delta,1722420171.1560066,39576.885,5192065.0,873293.0,0
delta,1722420171.4774358,39307.704,5192248.0,865934.0,0
delta,1722420171.765008,38798.312,5306139.0,869683.0,0
delta,1722420172.045379,35152.019,4821643.0,795095.0,0
delta,1722420172.3120341,35690.129,4939440.0,815750.0,0
delta,1722420172.5785964,36224.622,4901721.0,812353.0,0
delta,1722420172.8460734,37871.449,5042589.0,848982.0,0
delta,1722420173.131586,37100.542,5027331.0,835992.0,0
delta,1722420173.3995924,38323.753,5175524.0,867709.0,0
delta,1722420173.6711717,36017.193,4882434.0,800786.0,0
delta,1722420173.938149,34440.433,4812548.0,786130.0,0
delta,1722420174.2043293,35066.522,4834705.0,801368.0,0
delta,1722420174.4697733,43136.862,5294665.0,961881.0,0
delta,1722420174.7754972,37547.106,5113451.0,850543.0,0
delta,1722420175.048976,36641.6,5064196.0,833758.0,0
delta,1722420175.3215756,37614.438,4846545.0,842448.0,0
delta,1722420175.6048877,36204.565,4952807.0,835212.0,0
delta,1722420175.8874648,35340.397,4773730.0,796641.0,0
delta,1722420176.1570044,38546.295,5330125.0,866454.0,0
delta,1722420176.4261973,35439.177,4841906.0,796518.0,0
delta,1722420176.692574,36925.741,5084276.0,830576.0,0
delta,1722420176.95967,35964.875,4883410.0,815689.0,0
delta,1722420177.226604,34187.738,4766528.0,777913.0,0
delta,1722420177.4926717,34565.255,4874010.0,801537.0,0
delta,1722420177.759974,38391.694,5201220.0,854030.0,0
delta,1722420178.0306299,34081.523,4793750.0,793335.0,0
delta,1722420178.311009,34876.956,4997180.0,813608.0,0
delta,1722420178.59408,37488.896,5042284.0,827837.0,0
delta,1722420178.8869917,40813.178,5429918.0,891561.0,0
delta,1722420179.1602614,34780.271,4755115.0,781263.0,0
delta,1722420179.4364426,34402.787,4756274.0,783589.0,0
delta,1722420179.7014263,34636.859,4775073.0,775312.0,0
delta,1722420179.9661376,30700.451,4320423.0,715106.0,0
delta,1722420180.226578,33953.416,4848682.0,783834.0,0
delta,1722420180.4901905,30786.423,4361073.0,720033.0,0
delta,1722420180.751228,42978.993,5918992.0,933193.0,0
delta,1722420181.0847485,40930.134,5691697.0,916209.0,0
delta,1722420181.3771923,49391.405,5936997.0,1059923.0,0
delta,1722420181.6846797,41211.229,5720566.0,934815.0,0
delta,1722420181.9671578,36756.26,4864673.0,818075.0,0
delta,1722420182.2603002,38195.787,5256212.0,885228.0,0
delta,1722420182.5542135,35858.849,4867908.0,817816.0,0
delta,1722420182.8755834,35208.975,4795947.0,802775.0,0
delta,1722420183.141252,35830.239,4903247.0,822803.0,0
delta,1722420183.4086561,36841.617,5027453.0,830117.0,0
delta,1722420183.676224,37935.191,5092821.0,866700.0,0
delta,1722420183.947031,34056.272,4753161.0,782381.0,0
delta,1722420184.210476,35285.333,4877063.0,799058.0,0
delta,1722420184.4797509,36728.616,5030810.0,834125.0,0
delta,1722420184.7461731,35541.971,4853015.0,806907.0,0
delta,1722420185.0154824,35489.238,4989733.0,809982.0,0
delta,1722420185.282832,33673.389,4775684.0,783406.0,0
delta,1722420185.5480406,35885.79,4904712.0,810900.0,0
delta,1722420185.8181787,34823.501,4797656.0,795539.0,0
delta,1722420186.0961525,34899.117,4959337.0,805239.0,0
delta,1722420186.361782,34650.938,4947375.0,800037.0,0
